,year,date,year_month,count
0,2021,2021-07-22,07/2021,8
1,2021,2021-07-23,07/2021,6
2,2021,2021-07-24,07/2021,6
3,2021,2021-07-25,07/2021,4
4,2021,2021-07-26,07/2021,11
5,2021,2021-07-27,07/2021,9
6,2021,2021-07-28,07/2021,7
7,2021,2021-07-29,07/2021,5
8,2021,2021-07-30,07/2021,4
9,2021,2021-07-31,07/2021,4
10,2021,2021-08-01,08/2021,10
11,2021,2021-08-02,08/2021,8
12,2021,2021-08-03,08/2021,5
13,2021,2021-08-04,08/2021,3
14,2021,2021-08-05,08/2021,8
15,2021,2021-08-06,08/2021,10
16,2021,2021-08-07,08/2021,9
17,2021,2021-08-08,08/2021,3
18,2021,2021-08-09,08/2021,5
19,2021,2021-08-10,08/2021,8
20,2021,2021-08-11,08/2021,13
21,2021,2021-08-12,08/2021,10
22,2021,2021-08-13,08/2021,4
23,2021,2021-08-14,08/2021,9
24,2021,2021-08-15,08/2021,9
25,2021,2021-08-16,08/2021,4
26,2021,2021-08-17,08/2021,6
27,2021,2021-08-18,08/2021,7
28,2021,2021-08-19,08/2021,8
29,2021,2021-08-20,08/2021,11
30,2021,2021-08-21,08/2021,6
31,2021,2021-08-22,08/2021,8
32,2021,2021-08-23,08/2021,9
33,2021,2021-08-24,08/2021,7
34,2021,2021-08-25,08/2021,10
35,2021,2021-08-26,08/2021,4
36,2021,2021-08-27,08/2021,6
37,2021,2021-08-28,08/2021,3
38,2021,2021-08-29,08/2021,5
39,2021,2021-08-30,08/2021,14
40,2021,2021-08-31,08/2021,18
41,2021,2021-09-01,09/2021,5
42,2021,2021-09-02,09/2021,11
43,2021,2021-09-03,09/2021,10
44,2021,2021-09-04,09/2021,7
45,2021,2021-09-05,09/2021,4
46,2021,2021-09-06,09/2021,10
47,2021,2021-09-07,09/2021,12
48,2021,2021-09-08,09/2021,11
49,2021,2021-09-09,09/2021,14
50,2021,2021-09-10,09/2021,8
51,2021,2021-09-11,09/2021,6
52,2021,2021-09-12,09/2021,6
53,2021,2021-09-13,09/2021,14
54,2021,2021-09-14,09/2021,16
55,2021,2021-09-15,09/2021,10
56,2021,2021-09-16,09/2021,21
57,2021,2021-09-17,09/2021,3
58,2021,2021-09-18,09/2021,7
59,2021,2021-09-19,09/2021,3
60,2021,2021-09-20,09/2021,11
61,2021,2021-09-21,09/2021,10
62,2021,2021-09-22,09/2021,10
63,2021,2021-09-23,09/2021,6
64,2021,2021-09-24,09/2021,4
65,2021,2021-09-25,09/2021,6
66,2021,2021-09-26,09/2021,13
67,2021,2021-09-27,09/2021,12
68,2021,2021-09-28,09/2021,8
69,2021,2021-09-29,09/2021,14
70,2021,2021-09-30,09/2021,9
71,2021,2021-10-01,10/2021,10
72,2021,2021-10-02,10/2021,6
73,2021,2021-10-03,10/2021,6
74,2021,2021-10-04,10/2021,13
75,2021,2021-10-05,10/2021,4
76,2021,2021-10-06,10/2021,3
77,2021,2021-10-07,10/2021,3
78,2021,2021-10-08,10/2021,9
79,2021,2021-10-09,10/2021,2
80,2021,2021-10-10,10/2021,2
81,2021,2021-10-11,10/2021,2
82,2021,2021-10-12,10/2021,7
83,2021,2021-10-13,10/2021,4
84,2021,2021-10-14,10/2021,5
85,2021,2021-10-15,10/2021,6
86,2021,2021-10-16,10/2021,1
87,2021,2021-10-17,10/2021,4
88,2021,2021-10-18,10/2021,3
89,2021,2021-10-19,10/2021,2
90,2021,2021-10-20,10/2021,6
91,2021,2021-10-21,10/2021,10
92,2021,2021-10-22,10/2021,5
93,2021,2021-10-23,10/2021,8
94,2021,2021-10-24,10/2021,3
95,2021,2021-10-25,10/2021,7
96,2021,2021-10-26,10/2021,2
97,2021,2021-10-27,10/2021,8
98,2021,2021-10-28,10/2021,6
99,2021,2021-10-29,10/2021,4
100,2021,2021-10-30,10/2021,6
101,2021,2021-11-01,11/2021,4
102,2021,2021-11-02,11/2021,10
103,2021,2021-11-03,11/2021,1
104,2021,2021-11-04,11/2021,5
105,2021,2021-11-05,11/2021,7
106,2021,2021-11-06,11/2021,4
107,2021,2021-11-07,11/2021,2
108,2021,2021-11-08,11/2021,8
109,2021,2021-11-09,11/2021,3
110,2021,2021-11-10,11/2021,4
111,2021,2021-11-11,11/2021,6
112,2021,2021-11-12,11/2021,1
113,2021,2021-11-13,11/2021,3
114,2021,2021-11-14,11/2021,4
115,2021,2021-11-15,11/2021,8
116,2021,2021-11-16,11/2021,3
117,2021,2021-11-17,11/2021,9
118,2021,2021-11-18,11/2021,4
119,2021,2021-11-19,11/2021,5
120,2021,2021-11-20,11/2021,2
121,2021,2021-11-21,11/2021,2
122,2021,2021-11-22,11/2021,4
123,2021,2021-11-23,11/2021,4
124,2021,2021-11-24,11/2021,2
125,2021,2021-11-26,11/2021,3
126,2021,2021-11-27,11/2021,2
127,2021,2021-11-29,11/2021,4
128,2021,2021-12-01,12/2021,9
129,2021,2021-12-02,12/2021,2
130,2021,2021-12-03,12/2021,3
131,2021,2021-12-04,12/2021,5
132,2021,2021-12-05,12/2021,1
133,2021,2021-12-06,12/2021,2
134,2021,2021-12-07,12/2021,5
135,2021,2021-12-08,12/2021,4
136,2021,2021-12-09,12/2021,4
137,2021,2021-12-10,12/2021,8
138,2021,2021-12-11,12/2021,3
139,2021,2021-12-12,12/2021,6
140,2021,2021-12-13,12/2021,2
141,2021,2021-12-14,12/2021,4
142,2021,2021-12-15,12/2021,2
143,2021,2021-12-16,12/2021,5
144,2021,2021-12-17,12/2021,1
145,2021,2021-12-21,12/2021,1
146,2021,2021-12-28,12/2021,2
147,2021,2021-12-29,12/2021,3
148,2021,2021-12-31,12/2021,5
149,2022,2022-01-01,01/2022,1
150,2022,2022-01-03,01/2022,1
151,2022,2022-01-04,01/2022,2
152,2022,2022-01-05,01/2022,3
153,2022,2022-01-06,01/2022,4
154,2022,2022-01-08,01/2022,4
155,2022,2022-01-09,01/2022,1
156,2022,2022-01-10,01/2022,2
157,2022,2022-01-11,01/2022,3
158,2022,2022-01-12,01/2022,1
159,2022,2022-01-13,01/2022,3
160,2022,2022-01-14,01/2022,3
161,2022,2022-01-16,01/2022,1
162,2022,2022-01-17,01/2022,2
163,2022,2022-01-18,01/2022,3
164,2022,2022-01-19,01/2022,2
165,2022,2022-01-20,01/2022,2
166,2022,2022-01-21,01/2022,6
167,2022,2022-01-23,01/2022,5
168,2022,2022-01-24,01/2022,4
169,2022,2022-01-25,01/2022,5
170,2022,2022-01-26,01/2022,3
171,2022,2022-01-27,01/2022,2
172,2022,2022-01-28,01/2022,5
173,2022,2022-01-29,01/2022,4
174,2022,2022-01-30,01/2022,2
175,2022,2022-01-31,01/2022,5
176,2022,2022-02-01,02/2022,2
177,2022,2022-02-02,02/2022,3
178,2022,2022-02-03,02/2022,2
179,2022,2022-02-04,02/2022,2
180,2022,2022-02-05,02/2022,2
181,2022,2022-02-07,02/2022,4
182,2022,2022-02-08,02/2022,6
183,2022,2022-02-09,02/2022,6
184,2022,2022-02-10,02/2022,4
185,2022,2022-02-11,02/2022,6
186,2022,2022-02-12,02/2022,1
187,2022,2022-02-13,02/2022,2
188,2022,2022-02-14,02/2022,4
189,2022,2022-02-15,02/2022,6
190,2022,2022-02-16,02/2022,4
191,2022,2022-02-17,02/2022,1
192,2022,2022-02-18,02/2022,4
193,2022,2022-02-19,02/2022,1
194,2022,2022-02-20,02/2022,2
195,2022,2022-02-21,02/2022,2
196,2022,2022-02-22,02/2022,3
197,2022,2022-02-23,02/2022,2
198,2022,2022-02-25,02/2022,2
199,2022,2022-02-26,02/2022,1
200,2022,2022-02-28,02/2022,1
201,2022,2022-03-01,03/2022,1
202,2022,2022-03-02,03/2022,3
203,2022,2022-03-03,03/2022,1
204,2022,2022-03-04,03/2022,4
205,2022,2022-03-05,03/2022,2
206,2022,2022-03-06,03/2022,1
207,2022,2022-03-07,03/2022,1
208,2022,2022-03-15,03/2022,1
209,2022,2022-03-17,03/2022,1
210,2022,2022-03-18,03/2022,4
211,2022,2022-03-19,03/2022,2
212,2022,2022-03-20,03/2022,2
213,2022,2022-03-21,03/2022,3
214,2022,2022-03-22,03/2022,3
215,2022,2022-03-23,03/2022,5
216,2022,2022-03-24,03/2022,3
217,2022,2022-03-25,03/2022,2
218,2022,2022-03-26,03/2022,5
219,2022,2022-03-27,03/2022,3
220,2022,2022-03-28,03/2022,3
221,2022,2022-03-29,03/2022,2
222,2022,2022-03-30,03/2022,3
223,2022,2022-03-31,03/2022,2
224,2022,2022-04-01,04/2022,1
225,2022,2022-04-02,04/2022,5
226,2022,2022-04-03,04/2022,6
227,2022,2022-04-04,04/2022,3
228,2022,2022-04-05,04/2022,2
229,2022,2022-04-06,04/2022,3
230,2022,2022-04-07,04/2022,1
231,2022,2022-04-08,04/2022,1
232,2022,2022-04-09,04/2022,1
233,2022,2022-04-10,04/2022,2
234,2022,2022-04-11,04/2022,1
235,2022,2022-04-12,04/2022,2
236,2022,2022-04-13,04/2022,1
237,2022,2022-04-14,04/2022,2
238,2022,2022-04-15,04/2022,2
239,2022,2022-04-16,04/2022,2
240,2022,2022-04-19,04/2022,2
241,2022,2022-04-21,04/2022,2
242,2022,2022-04-22,04/2022,2
243,2022,2022-04-23,04/2022,3
244,2022,2022-04-24,04/2022,1
245,2022,2022-04-26,04/2022,2
246,2022,2022-04-27,04/2022,1
247,2022,2022-04-29,04/2022,1
248,2022,2022-04-30,04/2022,1
249,2022,2022-05-01,05/2022,2
250,2022,2022-05-02,05/2022,2
251,2022,2022-05-03,05/2022,4
252,2022,2022-05-04,05/2022,2
253,2022,2022-05-05,05/2022,3
254,2022,2022-05-07,05/2022,1
255,2022,2022-05-08,05/2022,1
256,2022,2022-05-09,05/2022,3
257,2022,2022-05-10,05/2022,2
258,2022,2022-05-11,05/2022,1
259,2022,2022-05-12,05/2022,1
260,2022,2022-05-13,05/2022,4
261,2022,2022-05-15,05/2022,1
262,2022,2022-05-16,05/2022,1
263,2022,2022-05-17,05/2022,3
264,2022,2022-05-18,05/2022,2
265,2022,2022-05-19,05/2022,2
266,2022,2022-05-20,05/2022,1
267,2022,2022-05-21,05/2022,2
268,2022,2022-05-22,05/2022,2
269,2022,2022-05-23,05/2022,5
270,2022,2022-05-24,05/2022,4
271,2022,2022-05-25,05/2022,2
272,2022,2022-05-27,05/2022,1
273,2022,2022-05-29,05/2022,2
274,2022,2022-05-31,05/2022,3
275,2022,2022-06-01,06/2022,3
276,2022,2022-06-02,06/2022,2
277,2022,2022-06-03,06/2022,1
278,2022,2022-06-04,06/2022,1
279,2022,2022-06-05,06/2022,1
280,2022,2022-06-06,06/2022,3
281,2022,2022-06-08,06/2022,1
282,2022,2022-06-10,06/2022,2
283,2022,2022-06-11,06/2022,2
284,2022,2022-06-12,06/2022,3
285,2022,2022-06-14,06/2022,3
286,2022,2022-06-15,06/2022,3
287,2022,2022-06-17,06/2022,1
288,2022,2022-06-18,06/2022,3
289,2022,2022-06-19,06/2022,1
290,2022,2022-06-20,06/2022,4
291,2022,2022-06-21,06/2022,6
292,2022,2022-06-23,06/2022,1
293,2022,2022-06-24,06/2022,1
294,2022,2022-06-25,06/2022,3
295,2022,2022-06-27,06/2022,5
296,2022,2022-06-28,06/2022,3
297,2022,2022-06-29,06/2022,3
298,2022,2022-06-30,06/2022,3
299,2022,2022-07-01,07/2022,2
300,2022,2022-07-02,07/2022,1
301,2022,2022-07-04,07/2022,1
302,2022,2022-07-05,07/2022,3
303,2022,2022-07-06,07/2022,1
304,2022,2022-07-08,07/2022,2
305,2022,2022-07-09,07/2022,2
306,2022,2022-07-10,07/2022,3
307,2022,2022-07-11,07/2022,2
308,2022,2022-07-13,07/2022,1
309,2022,2022-07-15,07/2022,2
310,2022,2022-07-18,07/2022,2
311,2022,2022-07-19,07/2022,1
312,2022,2022-07-20,07/2022,6
313,2022,2022-07-21,07/2022,3
314,2022,2022-07-22,07/2022,4
315,2022,2022-07-23,07/2022,1
316,2022,2022-07-24,07/2022,1
317,2022,2022-07-25,07/2022,2
318,2022,2022-07-26,07/2022,4
319,2022,2022-07-27,07/2022,4
320,2022,2022-07-28,07/2022,1
321,2022,2022-07-29,07/2022,1
322,2022,2022-07-30,07/2022,3
323,2022,2022-07-31,07/2022,2
324,2022,2022-08-01,08/2022,3
325,2022,2022-08-02,08/2022,1
326,2022,2022-08-03,08/2022,1
327,2022,2022-08-04,08/2022,2
328,2022,2022-08-05,08/2022,2
329,2022,2022-08-06,08/2022,2
330,2022,2022-08-07,08/2022,2
331,2022,2022-08-08,08/2022,1
332,2022,2022-08-09,08/2022,2
333,2022,2022-08-10,08/2022,3
334,2022,2022-08-11,08/2022,1
335,2022,2022-08-12,08/2022,2
336,2022,2022-08-13,08/2022,1
337,2022,2022-08-14,08/2022,1
338,2022,2022-08-15,08/2022,2
339,2022,2022-08-16,08/2022,2
340,2022,2022-08-17,08/2022,2
341,2022,2022-08-19,08/2022,1
342,2022,2022-08-20,08/2022,1
343,2022,2022-08-21,08/2022,2
344,2022,2022-08-24,08/2022,1
345,2022,2022-08-25,08/2022,4
346,2022,2022-08-26,08/2022,2
347,2022,2022-08-29,08/2022,2
348,2022,2022-08-30,08/2022,4
349,2022,2022-09-01,09/2022,4
350,2022,2022-09-05,09/2022,1
351,2022,2022-09-06,09/2022,2
352,2022,2022-09-07,09/2022,2
353,2022,2022-09-08,09/2022,2
354,2022,2022-09-09,09/2022,1
355,2022,2022-09-12,09/2022,1
356,2022,2022-09-13,09/2022,1
357,2022,2022-09-14,09/2022,2
358,2022,2022-09-15,09/2022,2
359,2022,2022-09-18,09/2022,1
360,2022,2022-09-19,09/2022,4
361,2022,2022-09-20,09/2022,1
362,2022,2022-09-23,09/2022,5
363,2022,2022-09-24,09/2022,2
364,2022,2022-09-25,09/2022,1
365,2022,2022-09-26,09/2022,1
366,2022,2022-09-27,09/2022,1
367,2022,2022-09-28,09/2022,1
368,2022,2022-09-29,09/2022,2
369,2022,2022-09-30,09/2022,1
370,2022,2022-10-02,10/2022,1
371,2022,2022-10-03,10/2022,2
372,2022,2022-10-04,10/2022,2
373,2022,2022-10-05,10/2022,1
374,2022,2022-10-06,10/2022,2
375,2022,2022-10-07,10/2022,3
376,2022,2022-10-08,10/2022,3
377,2022,2022-10-09,10/2022,1
378,2022,2022-10-10,10/2022,3
379,2022,2022-10-11,10/2022,3
380,2022,2022-10-12,10/2022,1
381,2022,2022-10-13,10/2022,3
382,2022,2022-10-14,10/2022,2
383,2022,2022-10-15,10/2022,1
384,2022,2022-10-17,10/2022,1
385,2022,2022-10-18,10/2022,2
386,2022,2022-10-19,10/2022,1
387,2022,2022-10-20,10/2022,2
388,2022,2022-10-21,10/2022,2
389,2022,2022-10-24,10/2022,1
390,2022,2022-10-26,10/2022,2
391,2022,2022-10-27,10/2022,1
392,2022,2022-10-28,10/2022,1
393,2022,2022-10-29,10/2022,1
394,2022,2022-10-30,10/2022,1
395,2022,2022-10-31,10/2022,1
396,2022,2022-11-01,11/2022,2
397,2022,2022-11-02,11/2022,3
398,2022,2022-11-03,11/2022,1
399,2022,2022-11-07,11/2022,2
400,2022,2022-11-08,11/2022,1
401,2022,2022-11-09,11/2022,1
402,2022,2022-11-10,11/2022,2
403,2022,2022-11-12,11/2022,2
404,2022,2022-11-13,11/2022,2
405,2022,2022-11-15,11/2022,1
406,2022,2022-11-16,11/2022,2
407,2022,2022-11-18,11/2022,2
408,2022,2022-11-20,11/2022,1
409,2022,2022-11-22,11/2022,1
410,2022,2022-11-28,11/2022,1
411,2022,2022-11-29,11/2022,3
412,2022,2022-12-02,12/2022,2
413,2022,2022-12-03,12/2022,1
414,2022,2022-12-05,12/2022,1
415,2022,2022-12-07,12/2022,1
416,2022,2022-12-09,12/2022,1
417,2022,2022-12-10,12/2022,1
418,2022,2022-12-12,12/2022,2
419,2022,2022-12-13,12/2022,1
420,2022,2022-12-14,12/2022,1
421,2022,2022-12-17,12/2022,1
422,2022,2022-12-18,12/2022,1
423,2022,2022-12-19,12/2022,1
424,2022,2022-12-20,12/2022,1
425,2022,2022-12-22,12/2022,3
426,2022,2022-12-23,12/2022,1
427,2022,2022-12-24,12/2022,1
428,2022,2022-12-27,12/2022,1
429,2022,2022-12-28,12/2022,1
430,2022,2022-12-29,12/2022,2
431,2022,2022-12-31,12/2022,1
432,2023,2023-01-04,01/2023,1
433,2023,2023-01-05,01/2023,2
434,2023,2023-01-06,01/2023,2
435,2023,2023-01-07,01/2023,2
436,2023,2023-01-09,01/2023,2
437,2023,2023-01-10,01/2023,5
438,2023,2023-01-11,01/2023,2
439,2023,2023-01-12,01/2023,2
440,2023,2023-01-13,01/2023,6
441,2023,2023-01-14,01/2023,2
442,2023,2023-01-16,01/2023,3
443,2023,2023-01-17,01/2023,2
444,2023,2023-01-18,01/2023,1
445,2023,2023-01-20,01/2023,1
446,2023,2023-01-21,01/2023,1
447,2023,2023-01-24,01/2023,2
448,2023,2023-01-25,01/2023,3
449,2023,2023-01-26,01/2023,2
450,2023,2023-01-27,01/2023,3
451,2023,2023-01-30,01/2023,2
452,2023,2023-02-01,02/2023,3
453,2023,2023-02-02,02/2023,2
454,2023,2023-02-03,02/2023,2
455,2023,2023-02-08,02/2023,1
456,2023,2023-02-09,02/2023,3
457,2023,2023-02-10,02/2023,2
458,2023,2023-02-11,02/2023,1
459,2023,2023-02-13,02/2023,1
460,2023,2023-02-15,02/2023,4
461,2023,2023-02-16,02/2023,1
462,2023,2023-02-17,02/2023,3
463,2023,2023-02-18,02/2023,2
464,2023,2023-02-19,02/2023,1
465,2023,2023-02-20,02/2023,3
466,2023,2023-02-21,02/2023,2
467,2023,2023-02-25,02/2023,2
468,2023,2023-02-26,02/2023,1
469,2023,2023-02-27,02/2023,1
470,2023,2023-02-28,02/2023,2
471,2023,2023-03-01,03/2023,1
472,2023,2023-03-02,03/2023,4
473,2023,2023-03-03,03/2023,1
474,2023,2023-03-06,03/2023,5
475,2023,2023-03-07,03/2023,2
476,2023,2023-03-08,03/2023,2
477,2023,2023-03-09,03/2023,1
478,2023,2023-03-10,03/2023,3
479,2023,2023-03-12,03/2023,1
480,2023,2023-03-13,03/2023,1
481,2023,2023-03-14,03/2023,6
482,2023,2023-03-15,03/2023,3
483,2023,2023-03-16,03/2023,2
484,2023,2023-03-17,03/2023,1
485,2023,2023-03-18,03/2023,5
486,2023,2023-03-19,03/2023,1
487,2023,2023-03-21,03/2023,1
488,2023,2023-03-22,03/2023,1
489,2023,2023-03-24,03/2023,3
490,2023,2023-03-25,03/2023,1
491,2023,2023-03-27,03/2023,2
492,2023,2023-03-29,03/2023,1
493,2023,2023-03-30,03/2023,1
494,2023,2023-03-31,03/2023,3
495,2023,2023-04-01,04/2023,1
496,2023,2023-04-03,04/2023,2
497,2023,2023-04-05,04/2023,1
498,2023,2023-04-07,04/2023,1
499,2023,2023-04-08,04/2023,1
500,2023,2023-04-09,04/2023,1
501,2023,2023-04-10,04/2023,2
502,2023,2023-04-11,04/2023,6
503,2023,2023-04-13,04/2023,1
504,2023,2023-04-14,04/2023,1
505,2023,2023-04-15,04/2023,1
506,2023,2023-04-16,04/2023,1
507,2023,2023-04-17,04/2023,1
508,2023,2023-04-18,04/2023,3
509,2023,2023-04-19,04/2023,2
510,2023,2023-04-20,04/2023,1
511,2023,2023-04-21,04/2023,3
512,2023,2023-04-22,04/2023,1
513,2023,2023-04-23,04/2023,1
514,2023,2023-04-24,04/2023,1
515,2023,2023-04-25,04/2023,2
516,2023,2023-04-26,04/2023,3
517,2023,2023-04-27,04/2023,4
518,2023,2023-05-01,05/2023,3
519,2023,2023-05-02,05/2023,2
520,2023,2023-05-03,05/2023,2
521,2023,2023-05-04,05/2023,2
522,2023,2023-05-05,05/2023,3
523,2023,2023-05-06,05/2023,1
524,2023,2023-05-07,05/2023,5
525,2023,2023-05-08,05/2023,1
526,2023,2023-05-09,05/2023,4
527,2023,2023-05-10,05/2023,3
528,2023,2023-05-12,05/2023,3
529,2023,2023-05-15,05/2023,2
530,2023,2023-05-17,05/2023,2
531,2023,2023-05-19,05/2023,1
532,2023,2023-05-20,05/2023,2
533,2023,2023-05-21,05/2023,1
534,2023,2023-05-22,05/2023,2
535,2023,2023-05-23,05/2023,1
536,2023,2023-05-24,05/2023,2
537,2023,2023-05-25,05/2023,2
538,2023,2023-05-26,05/2023,3
539,2023,2023-05-27,05/2023,1
540,2023,2023-05-29,05/2023,2
541,2023,2023-05-30,05/2023,5
542,2023,2023-05-31,05/2023,3
543,2023,2023-06-01,06/2023,2
544,2023,2023-06-02,06/2023,4
545,2023,2023-06-03,06/2023,1
546,2023,2023-06-05,06/2023,3
547,2023,2023-06-06,06/2023,1
548,2023,2023-06-07,06/2023,1
549,2023,2023-06-08,06/2023,3
550,2023,2023-06-09,06/2023,1
551,2023,2023-06-12,06/2023,2
552,2023,2023-06-13,06/2023,2
553,2023,2023-06-14,06/2023,2
554,2023,2023-06-15,06/2023,2
555,2023,2023-06-16,06/2023,2
556,2023,2023-06-17,06/2023,3
557,2023,2023-06-18,06/2023,2
558,2023,2023-06-19,06/2023,2
559,2023,2023-06-20,06/2023,3
560,2023,2023-06-21,06/2023,2
561,2023,2023-06-22,06/2023,4
562,2023,2023-06-23,06/2023,2
563,2023,2023-06-24,06/2023,1
564,2023,2023-06-25,06/2023,1
565,2023,2023-06-26,06/2023,1
566,2023,2023-06-27,06/2023,2
567,2023,2023-06-28,06/2023,3
568,2023,2023-06-29,06/2023,4
569,2023,2023-06-30,06/2023,2
570,2023,2023-07-01,07/2023,4
571,2023,2023-07-02,07/2023,1
572,2023,2023-07-03,07/2023,9
573,2023,2023-07-04,07/2023,2
574,2023,2023-07-05,07/2023,1
575,2023,2023-07-06,07/2023,5
576,2023,2023-07-07,07/2023,1
577,2023,2023-07-08,07/2023,2
578,2023,2023-07-09,07/2023,3
579,2023,2023-07-10,07/2023,4
580,2023,2023-07-11,07/2023,4
581,2023,2023-07-12,07/2023,4
582,2023,2023-07-13,07/2023,5
583,2023,2023-07-16,07/2023,2
584,2023,2023-07-17,07/2023,3
585,2023,2023-07-18,07/2023,2
586,2023,2023-07-19,07/2023,2
587,2023,2023-07-20,07/2023,2
588,2023,2023-07-21,07/2023,2
589,2023,2023-07-22,07/2023,3
590,2023,2023-07-23,07/2023,2
591,2023,2023-07-24,07/2023,4
592,2023,2023-07-25,07/2023,1
593,2023,2023-07-26,07/2023,3
594,2023,2023-07-27,07/2023,4
595,2023,2023-07-28,07/2023,1
596,2023,2023-07-29,07/2023,1
597,2023,2023-07-30,07/2023,2
598,2023,2023-07-31,07/2023,3
599,2023,2023-08-01,08/2023,1
600,2023,2023-08-02,08/2023,3
601,2023,2023-08-03,08/2023,3
602,2023,2023-08-04,08/2023,3
603,2023,2023-08-07,08/2023,5
604,2023,2023-08-08,08/2023,3
605,2023,2023-08-09,08/2023,1
606,2023,2023-08-10,08/2023,2
607,2023,2023-08-11,08/2023,3
608,2023,2023-08-12,08/2023,3
609,2023,2023-08-13,08/2023,3
610,2023,2023-08-16,08/2023,1
611,2023,2023-08-17,08/2023,1
612,2023,2023-08-18,08/2023,1
613,2023,2023-08-19,08/2023,3
614,2023,2023-08-20,08/2023,3
615,2023,2023-08-21,08/2023,5
616,2023,2023-08-22,08/2023,2
617,2023,2023-08-23,08/2023,2
618,2023,2023-08-24,08/2023,2
619,2023,2023-08-25,08/2023,6
620,2023,2023-08-26,08/2023,1
621,2023,2023-08-28,08/2023,1
622,2023,2023-08-29,08/2023,1
623,2023,2023-08-30,08/2023,1
624,2023,2023-08-31,08/2023,3
625,2023,2023-09-01,09/2023,1
626,2023,2023-09-05,09/2023,4
627,2023,2023-09-06,09/2023,5
628,2023,2023-09-07,09/2023,3
629,2023,2023-09-08,09/2023,1
630,2023,2023-09-09,09/2023,2
631,2023,2023-09-10,09/2023,1
632,2023,2023-09-12,09/2023,2
633,2023,2023-09-13,09/2023,3
634,2023,2023-09-14,09/2023,4
635,2023,2023-09-15,09/2023,1
636,2023,2023-09-16,09/2023,2
637,2023,2023-09-17,09/2023,1
638,2023,2023-09-18,09/2023,2
639,2023,2023-09-19,09/2023,1
640,2023,2023-09-20,09/2023,9
641,2023,2023-09-22,09/2023,3
642,2023,2023-09-23,09/2023,5
643,2023,2023-09-25,09/2023,1
644,2023,2023-09-26,09/2023,3
645,2023,2023-09-28,09/2023,1
646,2023,2023-09-30,09/2023,2
647,2023,2023-10-02,10/2023,2
648,2023,2023-10-03,10/2023,1
649,2023,2023-10-05,10/2023,3
650,2023,2023-10-06,10/2023,1
651,2023,2023-10-08,10/2023,1
652,2023,2023-10-09,10/2023,2
653,2023,2023-10-10,10/2023,1
654,2023,2023-10-12,10/2023,1
655,2023,2023-10-13,10/2023,1
656,2023,2023-10-14,10/2023,1
657,2023,2023-10-15,10/2023,1
658,2023,2023-10-17,10/2023,1
659,2023,2023-10-18,10/2023,1
660,2023,2023-10-19,10/2023,2
661,2023,2023-10-20,10/2023,1
662,2023,2023-10-23,10/2023,4
663,2023,2023-10-24,10/2023,4
664,2023,2023-10-25,10/2023,1
665,2023,2023-10-26,10/2023,2
666,2023,2023-10-27,10/2023,4
667,2023,2023-10-28,10/2023,1
668,2023,2023-10-29,10/2023,2
669,2023,2023-10-31,10/2023,3
670,2023,2023-11-01,11/2023,6
671,2023,2023-11-03,11/2023,2
672,2023,2023-11-06,11/2023,3
673,2023,2023-11-07,11/2023,4
674,2023,2023-11-08,11/2023,1
675,2023,2023-11-09,11/2023,1
676,2023,2023-11-10,11/2023,6
677,2023,2023-11-11,11/2023,3
678,2023,2023-11-12,11/2023,2
679,2023,2023-11-13,11/2023,3
680,2023,2023-11-14,11/2023,2
681,2023,2023-11-15,11/2023,2
682,2023,2023-11-16,11/2023,1
683,2023,2023-11-17,11/2023,5
684,2023,2023-11-19,11/2023,3
685,2023,2023-11-20,11/2023,3
686,2023,2023-11-21,11/2023,5
687,2023,2023-11-22,11/2023,6
688,2023,2023-11-24,11/2023,4
689,2023,2023-11-26,11/2023,1
690,2023,2023-11-27,11/2023,1
691,2023,2023-11-28,11/2023,2
692,2023,2023-11-29,11/2023,3
693,2023,2023-11-30,11/2023,3
694,2023,2023-12-01,12/2023,5
695,2023,2023-12-02,12/2023,2
696,2023,2023-12-03,12/2023,2
697,2023,2023-12-04,12/2023,2
698,2023,2023-12-05,12/2023,3
699,2023,2023-12-06,12/2023,1
700,2023,2023-12-07,12/2023,3
701,2023,2023-12-08,12/2023,4
702,2023,2023-12-09,12/2023,2
703,2023,2023-12-10,12/2023,2
704,2023,2023-12-11,12/2023,4
705,2023,2023-12-12,12/2023,1
706,2023,2023-12-14,12/2023,5
707,2023,2023-12-15,12/2023,3
708,2023,2023-12-16,12/2023,1
709,2023,2023-12-17,12/2023,1
710,2023,2023-12-18,12/2023,2
711,2023,2023-12-19,12/2023,2
712,2023,2023-12-20,12/2023,3
713,2023,2023-12-21,12/2023,3
714,2023,2023-12-22,12/2023,2
715,2023,2023-12-24,12/2023,1
716,2023,2023-12-26,12/2023,4
717,2023,2023-12-27,12/2023,2
718,2023,2023-12-28,12/2023,3
719,2023,2023-12-29,12/2023,2
720,2023,2023-12-31,12/2023,1
721,2024,2024-01-01,01/2024,1
722,2024,2024-01-02,01/2024,2
723,2024,2024-01-03,01/2024,6
724,2024,2024-01-04,01/2024,4
725,2024,2024-01-05,01/2024,3
726,2024,2024-01-06,01/2024,4
727,2024,2024-01-07,01/2024,1
728,2024,2024-01-08,01/2024,3
729,2024,2024-01-09,01/2024,1
730,2024,2024-01-10,01/2024,2
731,2024,2024-01-11,01/2024,2
732,2024,2024-01-12,01/2024,2
733,2024,2024-01-13,01/2024,1
734,2024,2024-01-14,01/2024,1
735,2024,2024-01-15,01/2024,3
736,2024,2024-01-16,01/2024,3
737,2024,2024-01-20,01/2024,3
738,2024,2024-01-21,01/2024,3
739,2024,2024-01-22,01/2024,1
740,2024,2024-01-23,01/2024,3
741,2024,2024-01-24,01/2024,4
742,2024,2024-01-26,01/2024,3
743,2024,2024-01-27,01/2024,4
744,2024,2024-01-28,01/2024,3
745,2024,2024-01-30,01/2024,1
746,2024,2024-01-31,01/2024,2
747,2024,2024-02-01,02/2024,4
748,2024,2024-02-02,02/2024,2
749,2024,2024-02-03,02/2024,2
750,2024,2024-02-04,02/2024,1
751,2024,2024-02-05,02/2024,4
752,2024,2024-02-06,02/2024,5
753,2024,2024-02-07,02/2024,4
754,2024,2024-02-08,02/2024,1
755,2024,2024-02-09,02/2024,3
756,2024,2024-02-10,02/2024,2
757,2024,2024-02-11,02/2024,1
758,2024,2024-02-12,02/2024,3
759,2024,2024-02-13,02/2024,4
760,2024,2024-02-15,02/2024,1
761,2024,2024-02-16,02/2024,5
762,2024,2024-02-17,02/2024,1
763,2024,2024-02-18,02/2024,4
764,2024,2024-02-19,02/2024,3
765,2024,2024-02-20,02/2024,7
766,2024,2024-02-21,02/2024,3
767,2024,2024-02-22,02/2024,5
768,2024,2024-02-23,02/2024,3
769,2024,2024-02-24,02/2024,1
770,2024,2024-02-26,02/2024,5
771,2024,2024-02-27,02/2024,2
772,2024,2024-02-28,02/2024,5
773,2024,2024-03-01,03/2024,2
774,2024,2024-03-02,03/2024,2
775,2024,2024-03-03,03/2024,3
776,2024,2024-03-04,03/2024,4
777,2024,2024-03-05,03/2024,3
778,2024,2024-03-06,03/2024,3
779,2024,2024-03-07,03/2024,1
780,2024,2024-03-09,03/2024,1
781,2024,2024-03-10,03/2024,1
782,2024,2024-03-11,03/2024,3
783,2024,2024-03-12,03/2024,6
784,2024,2024-03-13,03/2024,1
785,2024,2024-03-14,03/2024,1
786,2024,2024-03-15,03/2024,3
787,2024,2024-03-17,03/2024,2
788,2024,2024-03-18,03/2024,4
789,2024,2024-03-19,03/2024,1
790,2024,2024-03-20,03/2024,1
791,2024,2024-03-21,03/2024,2
792,2024,2024-03-25,03/2024,2
793,2024,2024-03-26,03/2024,4
794,2024,2024-03-27,03/2024,6
795,2024,2024-03-28,03/2024,2
796,2024,2024-03-29,03/2024,5
797,2024,2024-03-30,03/2024,1
798,2024,2024-03-31,03/2024,1
799,2024,2024-04-01,04/2024,3
800,2024,2024-04-02,04/2024,1
801,2024,2024-04-03,04/2024,2
802,2024,2024-04-04,04/2024,3
803,2024,2024-04-05,04/2024,2
804,2024,2024-04-06,04/2024,4
805,2024,2024-04-08,04/2024,4
806,2024,2024-04-09,04/2024,3
807,2024,2024-04-10,04/2024,2
808,2024,2024-04-11,04/2024,5
809,2024,2024-04-12,04/2024,2
810,2024,2024-04-13,04/2024,1
811,2024,2024-04-14,04/2024,2
812,2024,2024-04-15,04/2024,2
813,2024,2024-04-16,04/2024,4
814,2024,2024-04-17,04/2024,2
815,2024,2024-04-18,04/2024,4
816,2024,2024-04-19,04/2024,1
817,2024,2024-04-20,04/2024,1
818,2024,2024-04-21,04/2024,2
819,2024,2024-04-22,04/2024,4
820,2024,2024-04-24,04/2024,1
821,2024,2024-04-26,04/2024,2
822,2024,2024-04-27,04/2024,2
823,2024,2024-04-29,04/2024,2
824,2024,2024-04-30,04/2024,4
825,2024,2024-05-01,05/2024,2
826,2024,2024-05-02,05/2024,4
827,2024,2024-05-03,05/2024,2
828,2024,2024-05-04,05/2024,3
829,2024,2024-05-05,05/2024,1
830,2024,2024-05-06,05/2024,2
831,2024,2024-05-07,05/2024,6
832,2024,2024-05-08,05/2024,2
833,2024,2024-05-09,05/2024,1
834,2024,2024-05-10,05/2024,3
835,2024,2024-05-11,05/2024,2
836,2024,2024-05-12,05/2024,2
837,2024,2024-05-13,05/2024,1
838,2024,2024-05-15,05/2024,1
839,2024,2024-05-17,05/2024,1
840,2024,2024-05-18,05/2024,3
841,2024,2024-05-19,05/2024,1
842,2024,2024-05-20,05/2024,2
843,2024,2024-05-21,05/2024,4
844,2024,2024-05-23,05/2024,3
845,2024,2024-05-25,05/2024,2
846,2024,2024-05-26,05/2024,1
847,2024,2024-05-28,05/2024,2
848,2024,2024-05-29,05/2024,1
849,2024,2024-05-30,05/2024,3
850,2024,2024-05-31,05/2024,2
851,2024,2024-06-01,06/2024,3
852,2024,2024-06-02,06/2024,1
853,2024,2024-06-03,06/2024,1
854,2024,2024-06-04,06/2024,3
855,2024,2024-06-06,06/2024,4
856,2024,2024-06-07,06/2024,3
857,2024,2024-06-08,06/2024,1
858,2024,2024-06-09,06/2024,2
859,2024,2024-06-10,06/2024,1
860,2024,2024-06-11,06/2024,1
861,2024,2024-06-12,06/2024,2
862,2024,2024-06-13,06/2024,4
863,2024,2024-06-14,06/2024,2
864,2024,2024-06-15,06/2024,5
865,2024,2024-06-16,06/2024,1
866,2024,2024-06-17,06/2024,4
867,2024,2024-06-18,06/2024,2
868,2024,2024-06-19,06/2024,4
869,2024,2024-06-21,06/2024,7
870,2024,2024-06-22,06/2024,3
871,2024,2024-06-23,06/2024,2
872,2024,2024-06-24,06/2024,1
873,2024,2024-06-25,06/2024,3
874,2024,2024-06-26,06/2024,3
875,2024,2024-06-27,06/2024,7
876,2024,2024-06-28,06/2024,2
877,2024,2024-06-29,06/2024,2
878,2024,2024-06-30,06/2024,1
879,2024,2024-07-01,07/2024,3
880,2024,2024-07-02,07/2024,7
881,2024,2024-07-03,07/2024,3
882,2024,2024-07-04,07/2024,1
883,2024,2024-07-05,07/2024,4
884,2024,2024-07-06,07/2024,2
885,2024,2024-07-07,07/2024,2
886,2024,2024-07-08,07/2024,1
887,2024,2024-07-09,07/2024,5
888,2024,2024-07-10,07/2024,4
889,2024,2024-07-11,07/2024,3
890,2024,2024-07-12,07/2024,2
891,2024,2024-07-15,07/2024,3
892,2024,2024-07-16,07/2024,1
893,2024,2024-07-17,07/2024,2
